{"width": 640, "ppy": 244.76034545898438, "fx": 474.294921875, "height": 480, "fy": 474.2949523925781, "ppx": 312.09259033203125}