{"height": 480, "ppx": 312.09259033203125, "fy": 474.2949523925781, "width": 640, "fx": 474.294921875, "ppy": 244.76034545898438}