{"tran": [0.025700002908706665, 0.0009934926638379693, 0.003965511918067932], "rot": [0.9999905824661255, -0.004126274958252907, 0.0013449285179376602, 0.004130250308662653, 0.9999870657920837, -0.0029666083864867687, -0.0013326701009646058, 0.0029721353203058243, 0.999994695186615]}