{"ppx": 309.8568420410156, "width": 640, "fy": 618.3289184570312, "fx": 618.3287963867188, "ppy": 237.484619140625, "height": 480}