{"width": 640, "ppx": 309.8568420410156, "fx": 618.3287963867188, "ppy": 237.484619140625, "height": 480, "fy": 618.3289184570312}