{"ppx": 309.8568420410156, "fx": 618.3287963867188, "fy": 618.3289184570312, "height": 480, "width": 640, "ppy": 237.484619140625}