{"ppx": 309.8568420410156, "fx": 618.3287963867188, "fy": 618.3289184570312, "ppy": 237.484619140625, "width": 640, "height": 480}