{"width": 640, "fy": 618.3289184570312, "ppy": 237.484619140625, "fx": 618.3287963867188, "height": 480, "ppx": 309.8568420410156}