{"height": 480, "ppx": 309.8568420410156, "fy": 618.3289184570312, "width": 640, "fx": 618.3287963867188, "ppy": 237.484619140625}